Brand,TLD
google,com
facebook,com
youtube,com
twitter,com
instagram,com
linkedin,com
microsoft,com
apple,com
googletagmanager,com
wikipedia,org
github,com
wordpress,org
youtu,be
wikipedia,org
google,com
pinterest,com
goo,gl
google,com
vimeo,com
google,com
apple,com
bit,ly
whatsapp,com
amazon,com
adobe,com
wordpress,com
google,com
mozilla,org
google,com
blogspot,com
x,com
tiktok,com
nginx,org
whatsapp,com
nginx,com
apache,org
europa,eu
wa,me
apple,com
google,com
t,me
github,io
gravatar,com
yahoo,com
tumblr,com
reddit,com
macromedia,com
nih,gov
forms,gle
goo,gl
spotify,com
apache,org
qq,com
amazonaws,com
miit,cn
flickr,com
miit,cn
google,com
medium,com
nytimes,com
archive,org
europa,eu
spotify,com
office,com
w3,org
linkos,bg
soundcloud,com
creativecommons,org
forbes,com
nih,gov
baidu,com
zoom,us
sourceforge,net
cloudflare,com
theguardian,com
archive,org
t,co
sciencedirect,com
paypal,com
cnn,com
google,com
dropbox,com
who,int
doi,org
wixsite,com
vk,com
live,com
googleblog,com
tinyurl,com
opera,com
bbc,com
bbc,uk
oracle,com
facebook,com
issuu,com
google,com
php,net
youtube-nocookie,com
launchpad,net
mit,edu
cdc,gov
reuters,com
harvard,edu
cpanel,net
researchgate,net
weebly,com
wikimedia,org
wiley,com
imdb,com
nature,com
un,org
gnu,org
bing,com
washingtonpost,com
ibm,com
springer,com
googleblog,com
bloomberg,com
weibo,com
stanford,edu
wsj,com
debian,org
msn,com
linktr,ee
outlook,com
businessinsider,com
qq,com
list-manage,com
nasa,gov
nih,gov
qq,com
shopify,com
statista,com
www,uk
unsplash,com
cloudfront,net
g,page
adobe,com
eventbrite,com
cnbc,com
beian,cn
time,com
wp,com
wired,com
go,com
slideshare,net
mysql,com
amzn,to
godaddy,com
google,com
npr,org
telegram,me
dailymail,uk
usatoday,com
discord,gg
twitch,tv
google,com
hp,com
apple,com
behance,net
ietf,org
telegraph,uk
wikimedia,org
addtoany,com
ebay,com
cnet,com
googleusercontent,com
calendly,com
ted,com
example,com
loc,gov
berkeley,edu
plesk,com
stackoverflow,com
gitlab,com
cookiedatabase,org
surveymonkey,com
oup,com
etsy,com
ft,com
aboutads,info
canva,com
independent,uk
w3,org
openai,com
sharepoint,com
techcrunch,com
tandfonline,com
britannica,com
cornell,edu
squarespace,com
wp,com
wix,com
amazon,uk
cbsnews,com
hubspot,com
discord,com
blogger,com
ca,gov
huawei,com
imgur,com
myshopify,com
prnewswire,com
myspace,com
theverge,com
wikipedia,org
tripadvisor,com
unesco,org
pixabay,com
mailchimp,com
free,fr
washington,edu
live,com
latimes,com
microsoftonline,com
dailymotion,com
hbr,org
yelp,com
redhat,com
sagepub,com
themeforest,net
fda,gov
google,de
jotform,com
investopedia,com
iso,org
line,me
allaboutcookies,org
samsung,com
stripe,com
goodreads,com
princeton,edu
nationalgeographic,com
networkadvertising,org
cambridge,org
bandcamp,com
perfectdomain,com
netflix,com
theatlantic,com
webmd,com
huffingtonpost,com
booking,com
mailchi,mp
usda,gov
office,com
arxiv,org
wikipedia,org
sina,cn
whitehouse,gov
worldbank,org
epa,gov
quora,com
doi,org
nbcnews,com
mdpi,com
g,co
mckinsey,com
mayoclinic,org
healthline,com
livejournal,com
blogspot,com
substack,com
readthedocs,io
whatsapp,com
weforum,org
scribd,com
kickstarter,com
ieee,org
yahoo,com
marriott,com
academia,edu
dribbble,com
indiatimes,com
noaa,gov
change,org
skype,com
yandex,ru
google,com
indeed,com
docker,com
pbs,org
taobao,com
fb,com
aliyun,com
mailinabox,email
columbia,edu
youronlinechoices,com
google,uk
state,gov
fandom,com
economist,com
google,com
theconversation,com
businesswire,com
163,com
deloitte,com
foxnews,com
frontiersin,org
ubuntu,com
usnews,com
trustpilot,com
huffpost,com
bilibili,com
python,org
cisco,com
youku,com
umich,edu
steampowered,com
apa,org
biomedcentral,com
plos,org
yale,edu
freepik,com
pexels,com
aol,com
fb,me
statcounter,com
deviantart,com
psychologytoday,com
arcgis,com
apnews,com
ox,uk
zendesk,com
eepurl,com
upenn,edu
psu,edu
intel,com
cbc,ca
business,site
wikihow,com
vice,com
openstreetmap,org
bmj,com
xing,com
fortune,com
patreon,com
sun,com
nypost,com
newsweek,com
akismet,com
typeform,com
salesforce,com
newyorker,com
oecd,org
pewresearch,org
domainmarket,com
fb,watch
zdnet,com
amazon,de
sciencedaily,com
typepad,com
office365,com
giphy,com
googleapis,com
oreilly,com
mysql,com
about,com
jimdo,com
hugedomains,com
uci,edu
bbc,uk
scientificamerican,com
google,com
ftc,gov
abc,au
fastcompany,com
android,com
wikipedia,org
alibaba,com
umn,edu
buzzfeed,com
mashable,com
eff,org
jstor,org
geocities,com
nvidia,com
tripod,com
chatgpt,com
dw,com
cam,uk
merriam-webster,com
twitter,com
qq,com
nist,gov
gofundme,com
themeisle,com
elsevier,com
nps,gov
google,com
wisc,edu
cpanel,com
sohu,com
coursera,org
sciencemag,org
jhu,edu
fao,org
windows,net
postgresql,org
irs,gov
vox,com
ucla,edu
admin,ch
marketwatch,com
wiktionary,org
elegantthemes,com
sedo,com
xinhuanet,com
gizmodo,com
thelancet,com
dell,com
si,edu
jamanetwork,com
telegra,ph
inc,com
bsky,app
uchicago,edu
cmu,edu
disqus,com
getbootstrap,com
gartner,com
hilton,com
canada,ca
stackexchange,com
arstechnica,com
acs,org
utexas,edu
globenewswire,com
ed,gov
moodle,org
ikea,com
meetup,com
pnas,org
slack,com
digg,com
medicalnewstoday,com
blogspot,com
walmart,com
uk,com
entrepreneur,com
w3,org
elpais,com
engadget,com
house,gov
bls,gov
aliexpress,com
science,org
techtarget,com
constantcontact,com
threads,net
macromedia,com
europa,eu
w3schools,com
guardian,uk
hhs,gov
mitre,org
ico,uk
aboutcookies,org
azurewebsites,net
uiuc,edu
matterport,com
slate,com
odoo,com
usgs,gov
shutterstock,com
naver,com
unicef,org
census,gov
kernel,org
photobucket,com
yahoo,com
zhihu,com
qz,com
enable-javascript,com
box,com
aljazeera,com
variety,com
acm,org
imgur,com
nyu,edu
m,me
openssl,org
spiegel,de
www,uk
rollingstone,com
mirror,uk
senate,gov
service,uk
bbb,org
indiegogo,com
itu,int
sec,gov
teamviewer,com
ssrn,com
feedburner,com
trello,com
purdue,edu
iana,org
tencent,com
letsencrypt,org
barnesandnoble,com
indiatimes,com
politico,com
usc,edu
apachefriends,org
pcmag,com
goo,gl
netscape,com
lnkd,in
airbnb,com
withgoogle,com
dropcatch,com
people,cn
wikipedia,org
rfc-editor,org
freebsd,org
pwc,com
sfgate,com
git-scm,com
wikia,com
bund,de
euronews,com
atlassian,com
stumbleupon,com
duke,edu
doubleclick,net
energy,gov
snapchat,com
google,ca
google,fr
howstuffworks,com
fedoraproject,org
addthis,com
thesun,uk
jd,com
livescience,com
chicagotribune,com
gallup,com
ucsd,edu
webs,com
cutt,ly
siemens,com
getpocket,com
justice,gov
ok,ru
espn,com
udemy,com
lemonde,fr
yahoo,jp
appspot,com
automattic,com
timeanddate,com
safety,google
bizjournals,com
vmware,com
clevelandclinic,org
zend,com
mixcloud,com
thetimes,uk
wpguardian,com
wpguardian,io
ufl,edu
wpengine,com
fc2,com
history,com
nejm,org
google,es
smh,au
jquery,com
drupal,org
wpastra,com
bigcartel,com
feedburner,com
earthlink,net
opensource,org
sky,com
scmp,com
technologyreview,com
umd,edu
unc,edu
newscientist,com
telegram,org
dictionary,com
kde,org
msu,edu
hollywoodreporter,com
anchor,fm
venturebeat,com
illinois,edu
amazon,jp
congress,gov
bitnami,com
google,jp
slashdot,org
techradar,com
whatsapp,com
thehill,com
theglobeandmail,com
lww,com
ny,gov
orcid,org
altervista,org
imf,org
google,it
qualtrics,com
nikkei,com
mediafire,com
about,me
ucdavis,edu
playstation,com
smithsonianmag,com
ign,com
utoronto,ca
thenai,org
moz,com
perl,org
rt,com
thoughtco,com
rakuten,jp
web,dev
wikipedia,org
woocommerce,com
instructables,com
zoho,com
medlineplus,gov
wa,link
express,uk
asu,edu
gotowebinar,com
heylink,me
blog,google
proofpoint,com
archives,gov
northwestern,edu
fcc,gov
jimdofree,com
chinadaily,cn
nike,com
ucl,uk
semrush,com
hatena,jp
rutgers,edu
podbean,com
sakura,jp
uol,br
angelfire,com
generatepress,com
duckduckgo,com
www,cn
evernote,com
gutenberg,org
ubc,ca
colorado,edu
people,com
arizona,edu
visualstudio,com
laravel,com
aol,uk
nymag,com
netlify,app
steamcommunity,com
nodejs,org
semanticscholar,org
lenovo,com
fliphtml5,com
apache,org
privacyshield,gov
olympics,com
weather,com
undp,org
ey,com
amd,com
cancer,org
phys,org
fbi,gov
heart,org
virginia,edu
shorturl,at
mps,cn
nydailynews,com
ning,com
cell,com
autodesk,com
metro,uk
huawei,com
lifehacker,com
fiverr,com
dmoz,org
facebook,com
digitaltrends,com
coe,int
faqs,org
usa,gov
mozilla,com
broadcom,com
oracle,com
so,com
brookings,edu
us,com
libsyn,com
uber,com
mystrikingly,com
npmjs,com
ilo,org
safety,google
dot,gov
va,gov
today,com
osu,edu
theregister,com
mail,ru
cancer,gov
uspto,gov
axios,com
thebalancemoney,com
garmin,com
bu,edu
webex,com
chron,com
khanacademy,org
sap,com
thedailybeast,com
salon,com
wikipedia,org
digitalocean,com
java,com
vkontakte,ru
dhs,gov
wa,gov
parallels,com
ifeng,com
iop,org
treasury,gov
accenture,com
france24,com
amazon,ca
miitbeian,cn
usembassy,gov
nasdaq,com
cpan,org
prezi,com
mlb,com
asus,com
army,mil
imageshack,us
ccc,de
nba,com
intuit,com
news,au
joomla,org
sitemaps,org
tamu,edu
blogspot,uk
google,com
boston,com
globo,com
fbcdn,net
target,com
hootsuite,com
nsw,au
imagemagick,org
urldefense,com
spb,ru
translate,goog
ethz,ch
caniuse,com
haxx,se
kaspersky,com
crunchbase,com
iubenda,com
verisign,com
dol,gov
binance,com
hyatt,com
fool,com
voanews,com
ea,com
bitbucket,org
notion,site
ohchr,org
openldap,org
lefigaro,fr
amazon,fr
paypal,me
twimg,com
billboard,com
cygwin,com
githubusercontent,com
xbox,com
consumerreports,org
ameblo,jp
novell,com
gmail,com
flic,kr
tmall,com
wustl,edu
vanityfair,com
iheart,com
greenpeace,org
ibb,co
georgetown,edu
cctv,com
square,site
tableau,com
digital,com
nintendo,com
nobelprize,org
centos,org
1drv,ms
hopkinsmedicine,org
bitly,com
ovhcloud,com
urbandictionary,com
fifa,com
att,com
utah,edu
csdn,net
gamespot,com
vogue,com
ed,uk
istockphoto,com
foursquare,com
hindustantimes,com
ncsu,edu
ndtv,com
youronlinechoices,eu
thefreedictionary,com
webflow,io
aarp,org
wipo,int
kpmg,com
navy,mil
texas,gov
lego,com
upwork,com
lin,ee
ihg,com
lonelyplanet,com
force,com
google,cn
speedtest,net
yumpu,com
sketchfab,com
ucsb,edu
calameo,com
wp,com
cbslocal,com
indiana,edu
last,fm
nyc,gov
medscape,com
pitt,edu
ipcc,ch
deezer,com
americanexpress,com
pcworld,com
deadline,com
eventbrite,uk
hrw,org
500px,com
mpg,de
zillow,com
pastebin,com
esa,int
unep,org
google,in
shopify,com
houzz,com
cia,gov
ycombinator,com
verywellmind,com
verizon,com
mapquest,com
fontawesome,com
amazon-adsystem,com
prestashop,com
auctollo,com
glassdoor,com
is,gd
trendmicro,com
standard,uk
usps,com
vercel,app
tesla,com
mi,com
snopes,com
wireshark,org
heise,de
itch,io
envato,market
gettyimages,com
foodnetwork,com
eurekalert,org
prweb,com
globalnews,ca
mediawiki,org
welt,de
craigslist,org
sony,com
lua,org
gimp,org
nhk,jp
timeout,com
seattletimes,com
ebay,uk
metmuseum,org
colorlib,com
thestar,com
defense,gov
moodle,com
indianexpress,com
nokia,com
tufts,edu
google,ru
discovery,com
answers,com
matomo,org
ourworldindata,org
adweek,com
google,nl
securityfocus,com
caltech,edu
unl,edu
ctvnews,ca
domaintools,com
wufoo,com
fedex,com
google,au
rs6,net
bostonglobe,com
cuny,edu
space,com
irishtimes,com
panasonic,com
buydomains,com
meta,com
weather,gov
osha,gov
isc,org
iea,org
douban,com
termsfeed,com
smugmug,com
mercurynews,com
lg,com
wikisource,org
yandex,com
hawaii,edu
ahrefs,com
wunderground,com
symantec,com
sba,gov
jpost,com
sfu,ca
amnesty,org
perl,com
themegrill,com
vt,edu
outlookindia,com
com,com
over-blog,com
wikibooks,org
msnbc,com
flaticon,com
redcross,org
rottentomatoes,com
narod,ru
vatican,va
curl,se
ups,com
discogs,com
patch,com
bell-labs,com
brown,edu
icann,org
gumroad,com
yp,to
mcgill,ca
ssa,gov
accuweather,com
japantimes,jp
computerworld,com
notion,so
jetbrains,com
fema,gov
insider,com
miamiherald,com
redbull,com
foxbusiness,com
redis,io
lazada,id
epicgames,com
disney,com
xkcd,com
federalregister,gov
findlaw,com
news,cn
ow,ly
yolasite,com
timesofisrael,com
codepen,io
lse,uk
gatech,edu
unfccc,int
hbs,edu
edx,org
thenextweb,com
accor,com
man7,org
politico,eu
verywellhealth,com
clinicaltrials,gov
lazada,th
justia,com
1688,com
wordpress,org
b-cdn,net
ustream,tv
phpbb,com
herokuapp,com
gitbook,io
freedesktop,org
icio,us
eu,com
pinimg,com
mastodon,social
videolan,org
livestream,com
homedepot,com
lazada,ph
googleusercontent,com
ovh,com
biblegateway,com
mega,nz
googleusercontent,com
rsc,org
umass,edu
oregonstate,edu
uga,edu
lifewire,com
cosmopolitan,com
dataprivacyframework,gov
huggingface,co
padlet,com
pypi,org
rochester,edu
howtogeek,com
thehindu,com
wp,me
businessweek,com
theregister,uk
page,link
searchengineland,com
akamaihd,net
worldcat,org
philips,com
squid-cache,org
qcloud,com
unhcr,org
lazada,my
iu,edu
routledge,com
esquire,com
popsci,com
apachelounge,com
repubblica,it
huffingtonpost,uk
zimbra,com
wikidot,com
cwi,nl
foreignpolicy,com
waze,com
t,ly
federalreserve,gov
feedly,com
buzzsprout,com
laracasts,com
ntp,org
bestbuy,com
miibeian,cn
investing,com
penguinrandomhouse,com
thawte,com
oxfordjournals,org
uiowa,edu
sueddeutsche,de
google,br
asahi,com
purl,org
aliyuncs,com
ampproject,org
ew,com
ap,org
boutell,com
reverbnation,com
goodhousekeeping,com
atlasobscura,com
elle,com
pinterest,uk
ibtimes,com
wetransfer,com
staticflickr,com
wsu,edu
hubpages,com
zlib,net
zeit,de
seekingalpha,com
squareup,com
cern,ch
searchenginejournal,com
tmz,com
lazada,sg
gwu,edu
washingtontimes,com
af,mil
unity,com
boutell,uk
logitech,com
uwaterloo,ca
thomsonreuters,com
wampserver,com
coinmarketcap,com
genius,com
site,com
bankrate,com
spglobal,com
hotjar,com
amazon,in
ycombinator,com
doxygen,org
sophos,com
ec-lyon,fr
grammarly,com
imageshack,com
jimdosite,com
coindesk,com
techrepublic,com
vanderbilt,edu
strava,com
faz,net
nj,com
udel,edu
reference,com
nerdwallet,com
iastate,edu
mariadb,org
csmonitor,com
duolingo,com
raspberrypi,org
lazada,vn
colostate,edu
msdn,com
libpng,org
popularmechanics,com
hpe,com
macrumors,com
upi,com
worldometers,info
tradingview,com
hindawi,com
nfl,com
neilpatel,com
uscourts,gov
nielsen,com
elmundo,es
tomshardware,com
faa,gov
nzherald,nz
openoffice,org
wired,uk
si,com
thespruce,com
denverpost,com
nsf,gov
toutiao,com
legislation,uk
cnil,fr
dallasnews,com
memcached,org
peatix,com
emarketer,com
eia,gov
hardened-php,net
mac,com
usf,edu
eu,org
nationalacademies,org
ama-assn,org
buffer,com
360,cn
figma,com
archdaily,com
straitstimes,com
slatic,net
pbase,com
alexa,com
e-recht24,de
iso,ch
pcre,org
flipboard,com
ucsf,edu
arduino,cc
nber,org
ahajournals,org
business-standard,com
mcafee,com
siemens,de
proquest,com
blogspot,de
nbc,com
spec,org
gzip,org
lazada,com
zapier,com
allrecipes,com
dhl,com
alipay,com
bustle,com
cvent,com
unsw,au
apple,co
atlassian,net
xmlsoft,org
dropboxusercontent,com
asana,com
anu,au
envato,com
rice,edu
freetype,org
uefa,com
lnk,to
azcentral,com
onelink,me
barrons,com
onlamp,com
cointelegraph,com
treehugger,com
airtable,com
avast,com
flipsnack,com
warnerbros,com
livemint,com
justgiving,com
ualberta,ca
ghost,org
thinkwithgoogle,com
nationalarchives,uk
campaign-archive,com
enlightenment,org
hulu,com
artstation,com
gstatic,com
corriere,it
aclu,org
wp,com
cisa,gov
douyin,com
webdav,org
filezilla-project,org
freep,com
propublica,org
biglobe,jp
t-online,de
moma,org
oregonlive,com
mtv,com
infogram,com
nd,edu
www,br
blogspot,ca
samhsa,gov
zoom,com
knowyourmeme,com
startribune,com
chromium,org
ford,com
fastcgi,com
unam,mx
spreaker,com
stuff,nz
aka,ms
amazon,es
modsecurity,org
klarna,com
eclipse,org
discordapp,com
lazada,id
coinbase,com
francetvinfo,fr
producthunt,com
britishcouncil,org
counterpane,com
rsasecurity,com
smashingmagazine,com
boredpanda,com
sleepycat,com
ebay,de
laravel-news,com
realtor,com
redbubble,com
hatena,jp
gq,com
tinypic,com
unicode,org
pages,dev
homestead,com
ijg,org
ko-fi,com
handle,net
uoregon,edu
nationalpost,com
diigo,com
fraunhofer,de
fsu,edu
webflow,com
cms,gov
serverwatch,com
byu,edu
bcg,com
mass,gov
michigan,gov
4shared,com
lazada,id
lazada,id
readthedocs,org
boingboing,net
alltrails,com
itv,com
norton,com
gnome,org
google,hk
visa,com
dartmouth,edu
makeuseof,com
softpedia,com
dyndns,org
tiny,cc
economictimes,com
sleepfoundation,org
travelandleisure,com
starbucks,com
royalsocietypublishing,org
channel4,com
softonic,com
mhlw,jp
liveinternet,ru
aap,org
virginia,gov
wassenaar,org
icloud,com
hwg,org
scoop,it
ria,ru
digitaloceanspaces,com
everydayhealth,com
nj,gov
ora,com
googleadservices,com
thingiverse,com
pdflib,com
nhtsa,gov
livechat,com
imperial,uk
eater,com
app,link
lavanguardia,com
eonline,com
hm,com
lastpass,com
expedia,com
freetds,org
gesetze-im-internet,de
js,org
ons,uk
guinnessworldrecords,com
buzzfeednews,com
motherjones,com
wattpad,com
hbo,com
observer,com
uky,edu
wallpapers,com
bild,de
freshdesk,com
ct,gov
vistaprint,com
apache-ssl,org
tiktok,com
xe,com
wikiquote,org
fas,org
inquirer,com
uic,edu
rd,com
nhl,com
rutube,ru
jst,jp
blender,org
iqiyi,com
ticketmaster,com
unimelb,au
gmu,edu
lothar,com
thestreet,com
phpmyadmin,net
specbench,org
mastercard,com
archlinux,org
fujitsu,com
americanbar,org
pa,gov
iplanet,com
webthing,com
dev,to
leparisien,fr
govinfo,gov
shrm,org
google,pl
athemes,com
dreamstime,com
tripadvisor,uk
dzen,ru
owasp,org
uscis,gov
bleepingcomputer,com
uu,nl
linksynergy,com
haaretz,com
pku,cn
alicdn,com
ajc,com
biography,com
pin,it
instructure,com
documentcloud,org
suntimes,com
cleveland,com
wistia,com
popsugar,com
gpo,gov
ytimg,com
list-manage1,com
buffalo,edu
ehow,com
lulu,com
copyright,gov
mentalfloss,com
refinery29,com
in,gov
golux,com
chrome,com
stitcher,com
rfi,fr
degruyter,com
gingerall,com
thenation,com
alibaba-inc,com
cronolog,org
amazon,it
sciencealert,com
lycos,com
goethe,de
bilibili,com
wixstatic,com
cnrs,fr
cloudinary,com
biorxiv,org
hotels,com
apachetutor,org
polygon,com
azureedge,net
codeplex,com
opaque,net
newatlas,com
manchester,uk
harpersbazaar,com
virustotal,com
baltimoresun,com
linksynergy,com
coca-cola,com
theage,au
emory,edu
amazon,com
zenodo,org
supremecourt,gov
ti,com
netperf,org
rand,org
aps,org
brightcove,net
alibaba-inc,com
virtualbox,org
univie,at
torproject,org
china,cn
pinimg,com
rumble,com
python,ca
mimecast,com
uq,au
chinaz,com
hostinger,com
abc,es
dezeen,com
gitee,com
theintercept,com
imagemagick,com
qq,com
cnblogs,com
cio,com
hsforms,com
pressreader,com
unwomen,org
geeksforgeeks,org
techopedia,com
mcdonalds,com
blackberry,com
9to5mac,com
adage,com
news-medical,net
packagist,org
namecheap,com
html5up,net
carrd,co
forrester,com
bigcommerce,com
vulture,com
livechatinc,com
kotaku,com
cfr,org
ucsc,edu
rtve,es
awin1,com
home,blog
zdf,de
architecturaldigest,com
audible,com
filesusr,com
psychcentral,com
3m,com
opensuse,org
bluehost,com
theepochtimes,com
blogspot,es
nme,com
self,com
grandviewresearch,com
shareasale,com
apachetoday,com
cdninstagram,com
humbedooh,com
marthastewart,com
qodeinteractive,com
liebertpub,com
emerald,com
ispconfig,org
gao,gov
we,tl
wto,org
mlive,com
sqlite,org
codecademy,com
missouri,edu
health,com
gla,uk
u-tokyo,jp
utah,gov
a,co
myportfolio,com
cbp,gov
freeprivacypolicy,com
artnet,com
usp,br
note,com
lowes,com
ucr,edu
dreamhost,com
sandiegouniontribune,com
depositphotos,com
fws,gov
handelsblatt,com
hud,gov
powerbi,com
golang,org
7-zip,org
focus,de
blogspot,fr
scholastic,com
xda-developers,com
hatenablog,com
business2community,com
deepl,com
uh,edu
unodc,org
igvita,com
ubisoft,com
avg,com
kidshealth,org
bleacherreport,com
arte,tv
unixtools,org
tunein,com
blogs,com
postimg,cc
nationalgeographic,org
canva,site
web,app
freewebs,com
threebit,net
screenrant,com
discovermagazine,com
mcusercontent,com
ietf,org
legacy,com
warwick,uk
getcomposer,org
fivethirtyeight,com
demon,uk
informer,com
livestrong,com
whiterabbitpress,com
scotsman,com
minecraft,net
thebalance,com
mo,gov
ucalgary,ca
cbssports,com
wikimapia,org
vuejs,org
medrxiv,org
examiner,com
oecd-ilibrary,org
menshealth,com
tradingeconomics,com
uconn,edu
tate,uk
nato,int
worldwildlife,org
medicinenet,com
collegeboard,org
wolfram,com
google,ch
channelnewsasia,com
timeshighereducation,com
encyclopedia,com
nifty,com
google,be
virtualmin,com
wwd,com
buymeacoffee,com
louvre,fr
news24,com
sbs,au
newrepublic,com
tomsguide,com
helsinki,fi
archive,is
springeropen,com
parents,com
miro,com
tagesschau,de
complianz,io
custhelp,com
independent,ie
gohugo,io
rpi,edu
bankofamerica,com
ctfassets,net
usaid,gov
breitbart,com
nghttp2,org
habr,com
altavista,com
leeds,uk
timesonline,uk
olympic,org
al,com
aaa,com
sproutsocial,com
adp,com
symfony,com
tsinghua,cn
wbur,org
lifehack,org
ohio,gov
xs4all,nl
aa,tr
libreoffice,org
honeywell,com
google,at
c212,net
windy,com
blizzard,com
se,com
made-in-china,com
batmanapollo,ru
nationalreview,com
gamestop,com
elementor,com
stlouisfed,org
dmca,com
tass,ru
idc,com
military,com
poetryfoundation,org
codecanyon,net
pearltrees,com
experian,com
marca,com
amap,com
netdna-ssl,com
delta,com
teachable,com
porsche,com
drugs,com
theknot,com
ibiblio,org
euractiv,com
abc,com
glamour,com
sfchronicle,com
indiewire,com
akc,org
grigorik,com
cbs,com
sbnation,com
mathworks,com
nami,org
oregon,gov
elastic,co
google,de
sendgrid,net
utk,edu
ebscohost,com
aboutamazon,com
chinanews,com
catchthemes,com
nap,edu
goo,jp
rakuten,com
bhg,com
java,net
g2,com
digitaljournal,com
indiatoday,in
youradchoices,ca
realsimple,com
themeansar,com
windows,com
zazzle,com
httpwg,org
bfmtv,com
case,edu
c-span,org
hetzner,com
comcast,net
pcgamer,com
appleinsider,com
britishmuseum,org
detroitnews,com
kff,org
reliefweb,int
bhphotovideo,com
gsu,edu
androidauthority,com
godaddysites,com
tampabay,com
alz,org
similarweb,com
disneyplus,com
vrbo,com
epfl,ch
usmagazine,com
boe,es
delicious,com
opensea,io
lbl,gov
rbc,ru
morningstar,com
abb,com
monday,com
hackernoon,com
radissonhotels,com
tagesspiegel,de
freecodecamp,org
messenger,com
colorado,gov
azure,com
post-gazette,com
bitcoin,org
goal,com
adidas,com
wordstream,com
scopus,com
kcl,uk
cntraveler,com
uio,no
syr,edu
maryland,gov
nus,sg
miami,edu
businessnewsdaily,com
bnf,fr
aip,org
complex,com
edublogs,org
bookshop,org
nrdc,org
unm,edu
asm,org
study,com
core,uk
bitcoin,com
monster,com
ancestry,com
fsf,org
videojs,com
statnews,com
ku,edu
allmusic,com
hgtv,com
google,th
washingtonexaminer,com
brave,com
toptal,com
rb,gy
instapaper,com
foxsports,com
uw,edu
macworld,com
haproxy,org
hexun,com
brevo,com
yorku,ca
liberation,fr
service-public,fr
gsmarena,com
foodandwine,com
ouest-france,fr
citrix,com
openedition,org
cookieyes,com
cpsc,gov
wolframalpha,com
termly,io
yoast,com
theonion,com
nfpa,org
nla,au
tutsplus,com
consumerfinance,gov
ipsos,com
technorati,com
kaggle,com
rei,com
malwarebytes,com
newsday,com
newegg,com
uni-heidelberg,de
swissinfo,ch
backlinko,com
kremlin,ru
visualcapitalist,com
openlibrary,org
fu-berlin,de
medicalxpress,com
infobae,com
brainyquote,com
pandora,com
cafepress,com
jsonline,com
tudelft,nl
womenshealthmag,com
sacbee,com
ocregister,com
northeastern,edu
rackcdn,com
exblog,jp
streamable,com
helpguide,org
speakerdeck,com
rebrand,ly
infoworld,com
emojipedia,org
marvel,com
acast,com
iaea,org
asos,com
benzinga,com
dailystar,uk
shutterfly,com
uva,nl
secureserver,net
sapo,pt
csiro,au
maine,gov
sputniknews,com
myworkdayjobs,com
govdelivery,com
ask,com
bayern,de
yomiuri,jp
moe,cn
emptyhammock,com
as,com
eset,com
r-project,org
unity3d,com
envoyer,io
dpreview,com
myanimelist,net
ansa,it
51,la
bartleby,com
kakao,com
meti,jp
github,blog
ubereats,com
abebooks,com
nbcsports,com
google,tw
pitchfork,com
mongodb,com
vecteezy,com
kommersant,ru
rferl,org
rte,ie
caranddriver,com
dailydot,com
outsideonline,com
redfin,com
theaustralian,au
googlepages,com
gulfnews,com
news18,com
fourseasons,com
line,me
lesechos,fr
mercedes-benz,com
acer,com
msk,ru
wmo,int
formula1,com
flippingbook,com
geocities,jp
inews,uk
wordfence,com
checkpoint,com
thewrap,com
tvtropes,org
berlin,de
thecut,com
cargocollective,com
aepd,es
chronicle,com
webnode,com
wikiwand,com
thespruceeats,com
inquirer,net
nypl,org
anrdoezrs,net
insidehighered,com
ibtimes,uk
join,chat
ifixit,com
formstack,com
scielo,br
pingdom,com
rambler,ru
reviewjournal,com
ewg,org
iata,org
t-mobile,com
sportingnews,com
wakelet,com
towardsdatascience,com
rit,edu
rug,nl
europepmc,org
firstpost,com
collinsdictionary,com
dzone,com
york,uk
ryanair,com
ge,com
diabetes,org
gnupg,org
worldpopulationreview,com
amazon,au
google,mx
greenend,uk
archive-it,org
illinois,gov
metacritic,com
globaltimes,cn
zotero,org
alamy,com
seagate,com
financialexpress,com
tawk,to
provenexpert,com
trustpilot,com
ucoz,ru
bc,edu
bl,uk
prtimes,jp
ucf,edu
haproxy,com
cloudinary,com
wikispaces,com
energystar,gov
oclc,org
sydney,au
goldmansachs,com
arnebrachhold,de
ggpht,com
panda,org
pagesix,com
superbthemes,com
aafp,org
tum,de
lexisnexis,com
futurism,com
letterboxd,com
bl,uk
esri,com
stern,de
gamesradar,com
parade,com
thestar,my
nature,org
skysports,com
michelin,com
sf,net
liveabout,com
chinanews,cn
fortinet,com
ndr,de
cloudwaysapps,com
pinterest,de
paris,fr
bigthink,com
thrillist,com
topuniversities,com
wpzoom,com
credly,com
unctad,org
asp,net
afr,com
orf,at
ok,ru
lufthansa,com
financialpost,com
ncsl,org
windowsphone,com
blurb,com
go,dev
starwars,com
teenvogue,com
sciencenews,org
inkscape,org
google,tr
wondershare,com
famethemes,com
idnes,cz
bbcgoodfood,com
theweek,com
sun-sentinel,com
philly,com
eurogamer,net
real,com
law,com
getty,edu
web,com
cryoutcreations,eu
peta,org
jsfiddle,net
reason,com
blogger,com
ets,org
pinterest,com
medicare,gov
site123,me
socialmediatoday,com
geekwire,com
yamaha,com
thenationalnews,com
thediplomat,com
usu,edu
uvic,ca
qualcomm,com
clemson,edu
vogue,uk
uni-muenchen,de
bitdefender,com
orlandosentinel,com
ala,org
wordreference,com
agoda,com
hawaii,gov
wri,org
abril,br
oprah,com
kriesi,at
akamai,com
worldatlas,com
boeing,com
ncl,uk
bt,com
website-files,com
mainichi,jp
hku,hk
ethereum,org
bayer,com
inria,fr
bp,com
google,ua
bangkokpost,com
br,de
nicovideo,jp
readwrite,com
csis,org
pp,ua
aa,com
syfy,com
ingentaconnect,com
djangoproject,com
icrc,org
bundestag,de
joinmastodon,org
pixnet,net
google,id
transportation,gov
doaj,org
designboom,com
mofcom,cn
dnb,com
kqed,org
roku,com
fiu,edu
mynavi,jp
afp,com
doodle,com
aappublications,org
cc,com
mindbodygreen,com
eeoc,gov
vine,co
sketchup,com
intensedebate,com
zerohedge,com
heritage,org
pearson,com
kubernetes,io
health,gov
nngroup,com
google,se
walgreens,com
bahn,de
bonappetit,com
smartsheet,com
osf,io
kadencewp,com
yimg,com
wolterskluwer,com
hackaday,com
imgix,net
nola,com
twitpic,com
christies,com
gitea,com
sc,edu
tradedoubler,com
politifact,com
bloomberglaw,com
tfl,uk
heyzine,com
china,com
jiathis,com
jpmorgan,com
seriouseats,com
ky,gov
primevideo,com
radiofrance,fr
libero,it
americanprogress,org
ilsole24ore,com
wdr,de
cato,org
findagrave,com
mofa,jp
rwth-aachen,de
alaska,gov
cnki,net
vam,uk
lsu,edu
ushmm,org
thetimes,com
wbs,legal
ontario,ca
pinterest,ca
roblox,com
adafruit,com
ojp,gov
newstatesman,com
bloglovin,com
headspace,com
xrea,com
temple,edu
kansascity,com
bostonherald,com
hubspot,net
curbed,com
motortrend,com
apachehaus,com
queensu,ca
mlit,jp
annualreviews,org
pewinternet,org
bootstrapmade,com
eaton,com
techspot,com
pfizer,com
moneycontrol,com
nextdoor,com
uni-hamburg,de
livedoor,jp
storify,com
clarin,com
sltrib,com
amebaownd,com
st-andrews,uk
canon,com
simonandschuster,com
superuser,com
iucn,org
gawker,com
capterra,com
justpaste,it
andersnoren,se
springerlink,com
collider,com
sephora,com
cjb,net
unt,edu
united,com
yadi,sk
nottingham,uk
gmw,cn
macys,com
healthcare,gov
wistia,net
jianshu,com
thinkific,com
tn,gov
nbcnewyork,com
sdsu,edu
canalblog,com
sas,com
zippia,com
usdoj,gov
weibo,cn
elespanol,com
oculus,com
tsa,gov
dc,gov
amnh,org
costco,com
kobo,com
theculturetrip,com
foreignaffairs,com
clck,ru
the-sun,com
fitbit,com
123rf,com
oberlo,com
dafont,com
20minutos,es
f5,com
esteri,it
drexel,edu
jooble,org
wellsfargo,com
impress,jp
quizlet,com
skillshare,com
guidestar,org
zara,com
angi,com
cancerresearchuk,org
cdbaby,com
capgemini,com
apartmenttherapy,com
groupon,com
businessinsider,in
edmunds,com
gfycat,com
obsproject,com
test,com
opentable,com
anydesk,com
edweek,org
unibo,it
wfp,org
futurelearn,com
bundesregierung,de
manchestereveningnews,uk
nhm,uk
epicurious,com
healthychildren,org
postimg,org
ready,gov
blogspot,in
haveibeenpwned,com
yle,fi
gencat,cat
thekitchn,com
rapidshare,com
timesunion,com
flightradar24,com
ub,edu
britishairways,com
fordham,edu
loom,com
giantbomb,com
repec,org
unh,edu
geocaching,com
masterclass,com
allure,com
aapanel,com
bain,com
mattel,com
tenor,com
css-tricks,com
midjourney,com
lenta,ru
icq,com
messefrankfurt,com
sibforms,com
nordstrom,com
cri,cn
clickbank,net
unige,ch
ssl-images-amazon,com
visual,ly
redd,it
which,uk
eastmoney,com
ranker,com
mindtools,com
windowscentral,com
daum,net
brightcove,com
longisland,com
kit,com
mcmaster,ca
cityu,hk
idaho,gov
fdic,gov
thesaurus,com
blogspot,it
twilio,com
informationweek,com
bitchute,com
pbworks,com
dailyrecord,uk
kuleuven,be
tutorialspoint,com
list,ly
daringfireball,net
tennessean,com
metacafe,com
nolo,com
electrek,co
blogtalkradio,com
sitepoint,com
battle,net
autoblog,com
kyoto-u,jp
inverse,com
xiaohongshu,com
texastribune,org
mn,gov
ecfr,gov
uschamber,com
anandtech,com
boardgamegeek,com
homeadvisor,com
volvocars,com
splashthat,com
aspca,org
dispatch,com
ku,dk
wikileaks,org
pantheonsite,io
uvm,edu
ua,edu
arabnews,com
dailycaller,com
ozon,ru
askubuntu,com
gsa,gov
exeter,uk
american,edu
sphinx-doc,org
vcu,edu
bufferapp,com
yougov,com
ada,org
msi,com
uu,se
spacex,com
onlyfans,com
lu,se
syracuse,com
pinterest,fr
neocities,org
familysearch,org
extremetech,com
newsmax,com
aljazeera,net
directadmin,com
myftpupload,com
chosun,com
honda,com
alberta,ca
fed,us
slashgear,com
lanacion,ar
patagonia,com
liveleak,com
babycenter,com
cuhk,hk
kayak,com
countryliving,com
jdoqocy,com
nzz,ch
q4cdn,com
networkworld,com
fca,uk
viber,com
kit,edu
payscale,com
computerweekly,com
japanpost,jp
indystar,com
google,ar
posterous,com
rg,ru
bgr,com
tp-link,com
hse,uk
commondreams,org
nordvpn,com
jalopnik,com
blogspot,au
yna,kr
livedoor,jp
dji,com
ubs,com
sportskeeda,com
uc,edu
india,com
mobirise,com
cgtn,com
scirp,org
themoscowtimes,com
alarabiya,net
jnj,com
unrealengine,com
smallbiztrends,com
tcd,ie
pantone,com
ufmg,br
ericsson,com
pornhub,com
tidal,com
recaptcha,net
paho,org
psychiatry,org
wsimg,com
qiita,com
rentry,co
clutch,co
rediff,com
artsy,net
theme-fusion,com
xinnet,com
msu,ru
xero,com
gitlab,io
adelaide,au
destatis,de
webfx,com
iom,int
csic,es
hrc,org
petapixel,com
easyjet,com
usgbc,org
crunchyroll,com
airbus,com
nocookie,net
tasteofhome,com
stltoday,com
taylorfrancis,com
unece,org
campaign-archive1,com
newswire,ca
deseret,com
gucci,com
thedrive,com
gatesfoundation,org
uzh,ch
etonline,com
freelancer,com
hotmail,com
umontreal,ca
instyle,com
commonsensemedia,org
tistory,com
notepad-plus-plus,org
uwo,ca
baidu,com
rs-online,com
ucar,edu
cision,com
kp,ru
wbs-law,de
gm,com
wyndhamhotels,com
metoffice,uk
interestingengineering,com
nationaltrust,uk
huanqiu,com
aad,org
mensjournal,com
europapress,es
iol,za
karger,com
sheknows,com
dailykos,com
docdroid,net
nrw,de
kqzyfj,com
spectator,uk
dpbolvw,net
omny,fm
monash,edu
yourdictionary,com
988lifeline,org
nikkeibp,jp
puma,com
thermofisher,com
marketplace,org
liu,se
tkqlhce,com
google,cz
domain,com
mongabay,com
wi,gov
aapanel,org
foodnetwork,uk
delaware,gov
avaaz,org
docs,rs
pixiv,net
fineartamerica,com
ktla,com
google,gr
creativebloq,com
lastampa,it
hypebeast,com
planalto,br
eatingwell,com
yellowpages,com
paramountplus,com
dummies,com
google,pt
uni-stuttgart,de
chase,com
shell,com
gotomeeting,com
intechopen,com
whmcs,com
harpercollins,com
anotepad,com
hardrock,com
main,jp
list-manage2,com
verywellfit,com
zol,cn
photoshelter,com
archive,ph
poynter,org
microchip,com
laweekly,com
lepoint,fr
pxf,io
ballotpedia,org
parliament,uk
nybooks,com
tensorflow,org
hcaptcha,com
toyota,com
sxsw,com
okta,com
namebright,com
hubspotusercontent-na1,net
iflscience,com
brides,com
campaign-archive2,com
wtop,com
emirates,com
utwente,nl
it,com
lung,org
garanteprivacy,it
rijksoverheid,nl
rockstargames,com
cincinnati,com
parliament,uk
motorola,com
fidelity,com
democracynow,org
simplecast,com
csoonline,com
taz,de
coub,com
cnr,it
uniqlo,com
gq-magazine,uk
soton,uk
business,com
pmi,org
hu-berlin,de
websitedemos,net
okstate,edu
me,com
www,pl
rsf,org
eugdpr,org
vaticannews,va
reverso,net
n-tv,de
walesonline,uk
doe,gov
nextcloud,com
people,cn
mt,gov
nice,uk
ritzcarlton,com
strikingly,com
southernliving,com
ohio-state,edu
cntv,cn
getresponse,com
physiology,org
deccanherald,com
genial,ly
gtmetrix,com
trustindex,io
careerbuilder,com
gog,com
finra,org
hellomagazine,com
auswaertiges-amt,de
pluralsight,com
nh,gov
plannedparenthood,org
morganstanley,com
colibriwp,com
audubon,org
gopro,com
auckland,nz
sjv,io
tilda,ws
grist,org
seesaa,net
nrel,gov
mind,uk
openculture,com
vancouversun,com
pymnts,com
ornl,gov
marketsandmarkets,com
home,kpmg
libguides,com
pennlive,com
nwsource,com
ou,edu
broadwayworld,com
motor1,com
radio-canada,ca
investors,com
mailerlite,com
choicehotels,com
linux,org
runnersworld,com
wral,com
google,sg
louisvuitton,com
consumeraffairs,com
marxists,org
dg-datenschutz,de
sothebys,com
mgmresorts,com
webnode,page
penzu,com
thedrum,com
heavy,com
ifttt,com
docomo,jp
signupgenius,com
tue,nl
europeana,eu
tvguide,com
schema,org
derstandard,at
ardmediathek,de
ziprecruiter,com
statesman,com
templatemonster,com
raspberrypi,com
lexpress,fr
desmoinesregister,com
villagevoice,com
codeproject,com
opencart,com
cbinsights,com
dokuwiki,org
doordash,com
nv,gov
ul,com
iconfinder,com
devpost,com
searchenginewatch,com
krakow,pl
wikidata,org
georgia,gov
abc7,com
uol,br
bristol,uk
ugent,be
open,uk
eldiario,es
zenwriting,net
udacity,com
presscustomizr,com
nouvelobs,com
koreatimes,kr
ucm,es
tu-dresden,de
grammy,com
udn,com
cafe24,com
elconfidencial,com
houstonchronicle,com
kaltura,com
sheffield,uk
qq,com
chanel,com
ic3,gov
opensecrets,org
analog,com
ntu,tw
jpn,org
linuxfoundation,org
us,org
huffingtonpost,ca
alternet,org
postman,com
muckrack,com
audacityteam,org
plala,jp
lmgtfy,com
utm,edu
avada,com
gdpr-info,eu
newsobserver,com
bankofengland,uk
slideserve,com
kbb,com
joins,com
southampton,uk
uab,edu
infoplease,com
google,za
kth,se
mn,co
on24,com
bnnbloomberg,ca
ezinearticles,com
hashnode,dev
unfpa,org
acronis,com
media-amazon,com
gap,com
leetcode,com
ada,gov
bol,com
macmillan,com
codeberg,org
tudou,com
chip,de
google,no
drugabuse,gov
media-amazon,com
recode,net
ultimate-guitar,com
xerox,com
proboards,com
lexology,com
ssllabs,com
oxfam,org
zoominfo,com
netgear,com
siteorigin,com
courtlistener,com
webopedia,com
vc,ru
freeimages,com
ameba,jp
anyflip,com
transparency,org
wildapricot,org
opentext,com
awwwards,com
vermont,gov
allafrica,com
eventbrite,ca
tulane,edu
corporatefinanceinstitute,com
webaim,org
vocabulary,com
angel,co
keybase,io
ce,cn
nutrition,org
hachettebookgroup,com
gitea,io
sendinblue,com
pewtrusts,org
mediaroom,com
tau,il
plosone,org
viator,com
ddns,net
googlecode,com
20minutes,fr
weddingwire,com
basf,com
realclearpolitics,com
ebayimg,com
masslive,com
tuwien,at
cognitoforms,com
beacons,ai
hackmd,io
divephotoguide,com
sierraclub,org
mobygames,com
androidpolice,com
secondlife,com
cuni,cz
studentaid,gov
apkpure,com
google,dk
mynewsdesk,com
gazeta,ru
cas,cn
jqueryui,com
publishersweekly,com
clickup,com
wizards,com
swr,de
bodybuilding,com
opendemocracy,net
thalesgroup,com
uni-bonn,de
hostgator,com
pagesperso-orange,fr
wanadoo,fr
doc,gov
surrey,uk
mercola,com
uptodate,com
charlotteobserver,com
writeablog,net
dawn,com
bravesites,com
auburn,edu
tesco,com
dynadot,com
au,dk
orange,fr
state,us
whatwg,org
china,cn
active,com
mix,com
uptodown,com
meltwater,com
oscars,org
chsi,cn
pastelink,net
clarivate,com
activecampaign,com
amtrak,com
brew,sh
comicbook,com
uni-koeln,de
coingecko,com
theathletic,com
tapatalk,com
copernicus,org
ucsusa,org
prf,hn
pxhere,com
nos,nl
numbeo,com
estadao,br
themuse,com
e-monsite,com
1password,com
pinterest,es
react,dev
ionos,de
basecamp,com
metal-archives,com
findarticles,com
qmul,uk
nar,realtor
mhanational,org
yubico,com
ahrq,gov
cochrane,org
digiday,com
fastpanel,direct
vocal,media
gigaom,com
audacy,com
thehackernews,com
health,au
pixlr,com
msdmanuals,com
infoq,com
fortunecity,com
workable,com
player,fm
torontosun,com
contentmarketinginstitute,com
iowa,gov
fnac,com
nsc,org
google,fi
emb-japan,jp
ocn,jp
delish,com
researchandmarkets,com
mendeley,com
nbclosangeles,com
afthemes,com
google,nz
zohopublic,com
thenounproject,com
donorbox,org
ovh,net
influencermarketinghub,com
google,kr
att,net
timesnownews,com
krebsonsecurity,com
hc360,com
acuityscheduling,com
adl,org
wnyc,org
rtl,de
nginx,net
avma,org
westerndigital,com
poets,org
kiplinger,com
vu,nl
telenor,no
nbcchicago,com
goto,com
arm,com
techdirt,com
so-net,jp
avclub,com
google,il
die,net
digitalspy,com
wholefoodsmarket,com
jp,net
ferrari,com
rawstory,com
gothamist,com
slides,com
mozillazine,org
wikitravel,org
baylor,edu
thepaper,cn
discourse,org
mordorintelligence,com
regulations,gov
almanac,com
uib,no
chess,com
wonderhowto,com
google,ro
google,hu
bis,org
sparkfun,com
hasbro,com
canada,com
wvu,edu
couchsurfing,com
dior,com
thinkprogress,org
nexusmods,com
northjersey,com
lanl,gov
xfinity,com
atlanticcouncil,org
marinetraffic,com
onelink,to
paloaltonetworks,com
dwcdn,net
nec,com
hrsa,gov
factcheck,org
oxforddictionaries,com
charitynavigator,org
adjust,com
belgium,be
php,net
computer,org
9to5google,com
premierleague,com
dotdashmeredith,com
diplo,de
archives-ouvertes,fr
hackerone,com
ebsco,com
gitbook,com
tu-berlin,de
gameinformer,com
bamboohr,com
autonews,com
signal,org
thehindubusinessline,com
data,uk
tradingltd,uk
zblogcn,com
mdr,de
inhabitat,com
flipkart,com
zappos,com
magento,com
bloomsbury,com
gentoo,org
ivoox,com
blog,com
cleantechnica,com
sh,cn
blogspot,jp
aweber,com
spoti,fi
mymodernmet,com
dnaindia,com
linode,com
linkr,bio
consultant,ru
courant,com
nrf,com
allevents,in
interfax,ru
gab,com
nationalinterest,org
alaska,edu
digikey,com
leo,org
getyourguide,com
domestika,org
makezine,com
europa,int
marieclaire,com
rai,it
roll20,net
calm,com
earthday,org
boxofficemojo,com
etymonline,com
escholarship,org
spiceworks,com
lacounty,gov
google,ie
bitsdujour,com
tabelog,com
php,net
dal,ca
imgflip,com
nrk,no
newsbreak,com
suicidepreventionlifeline,org
prevention,com
naturalnews,com
wayfair,com
aao,org
panoramio,com
steemit,com
terra,br
la,gov
shape,com
yahoo,net
adac,de
acog,org
birmingham,uk
nga,gov
gofund,me
ncaa,com
google,vn
courthousenews,com
icons8,com
elitedaily,com
khaleejtimes,com
fox,com
worldhistory,org
comscore,com
money,com
project-syndicate,org
unimi,it
rki,de
wisconsin,gov
onet,pl
reactjs,org
youdao,com
smarturl,it
uottawa,ca
dazeddigital,com
lilly,com
diabetesjournals,org
jdpower,com
parliament,uk
govtrack,us
iucnredlist,org
itmedia,jp
casetext,com
cbn,com
housebeautiful,com
thunderbird,net
cudasvc,com
uproxx,com
builtin,com
ri,gov
androidcentral,com
mediaite,com
teletype,in
wpenginepowered,com
usenix,org
camp-fire,jp
pdx,edu
winzip,com
exploratorium,edu
uwa,au
england,uk
shop-pro,jp
deutschlandfunk,de
st,com
onetrust,com
iz,ru
oanda,com
expressvpn,com
nyt,com
nii,jp
adb,org
blm,gov
fullerton,edu
aeaweb,org
financesonline,com
palmbeachpost,com
sc,gov
netcraft,com
csun,edu
freshworks,com
elperiodico,com
familyhandyman,com
privacypolicies,com
casio,com
about,google
cnr,cn
fsc,org
uni-freiburg,de
infoseek,jp
razer,com
tickettailor,com
blip,tv
psychiatryonline,org
control-webpanel,com
blossomthemes,com
etherscan,io
itemfix,com
bestwestern,com
ctrip,com
edutopia,org
cars,com
softbank,jp
venmo,com
uni-tuebingen,de
filmfreeway,com
slashfilm,com
astm,org
trade,gov
uk,net
oraclecloud,com
carleton,ca
wur,nl
smu,edu
comodo,com
urban,org
viglink,com
techtimes,com
threadless,com
kia,com
rust-lang,org
icims,com
myfitnesspal,com
sjsu,edu
arbeitsagentur,de
essence,com
dailytelegraph,au
militarytimes,com
scitation,org
schneier,com
phoca,cz
twincities,com
mtu,edu
nta,jp
cracked,com
nd,gov
env,jp
opengroup,org
humanesociety,org
anl,gov
penguin,uk
12377,cn
taplink,cc
upm,es
jezebel,com
contently,com
unibe,ch
blackrock,com
rae,es
blockchain,com
moneysavingexpert,com
example,org
mic,com
firefox,com
download,com
iarc,fr
uni-muenster,de
demilked,com
ebay,au
company,site
carnegieendowment,org
megaupload,com
spring,io
pubhtml5,com
google,my
truthout,org
postheaven,net
vedomosti,ru
userway,org
msstate,edu
soumu,jp
googlesyndication,com
tbs,jp
belfasttelegraph,uk
metadialog,com
techsmith,com
bath,uk
aei,org
red-bean,com
umbc,edu
llnl,gov
theinformation,com
in,net
9gag,com
mext,jp
usask,ca
3ds,com
newindianexpress,com
irishexaminer,com
rmit,au
google,ph
middleeasteye,net
blogspot,nl
campaignmonitor,com
unglobalcompact,org
datenschutz-generator,de
ffmpeg,org
pastemagazine,com
oas,org
uchile,cl
commerce,gov
poznan,pl
amazon,br
squidoo,com
criteo,com
fujifilm,com
bobvila,com
siteground,com
epi,org
unblog,fr
smartinsights,com
ebayimg,com
fmprc,cn
simplypsychology,org
caesars,com
google,cl
cocolog-nifty,com
denofgeek,com
zomato,com
schwab,com
freedomhouse,org
constantcontactpages,com
synology,com
pinterest,au
imgbb,com
christianitytoday,com
techinasia,com
coocan,jp
intercom,com
follow,it
odysee,com
telegram,com
pravda,ru
here,com
51job,com
sendspace,com
net-a-porter,com
knightlab,com
nbcbayarea,com
francebleu,fr
alabama,gov
forward,com
taxfoundation,org
acpjournals,org
lyft,com
toasttab,com
fairmont,com
ladbible,com
umanitoba,ca
fotolia,com
natlawreview,com
seattlepi,com
nxp,com
mentalhealth,uk
hurriyet,tr
tripadvisor,in
code,org
epson,com
copernicus,eu
uri,edu
ucoz,com
brill,com
asme,org
lockheedmartin,com
robbreport,com
images-amazon,com
pinterest,com
farfetch,com
thomasnet,com
google,co
uark,edu
google,bg
computerhope,com
dailynews,com
dtic,mil
vogueplay,com
sage,com
torrentfreak,com
thinkgeek,com
wccftech,com
jekyllrb,com
sussex,uk
cairn,info
cityam,com
spokesman,com
grafana,com
hyundai,com
thenational,ae
sublimetext,com
skynet,be
jetpack,com
sans,org
lwn,net
le,uk
globalresearch,ca
cmegroup,com
rappler,com
sina,cn
gov,ru
f-secure,com
tokyo,jp
koreaherald,com
uni-frankfurt,de
ailawandorder,com
socialmediaexaminer,com
qooh,me
themoviedb,org
bfi,uk
diva-portal,org
eluniversal,mx
accorhotels,com
trulia,com
tribune,pk
solo,to
kroger,com
as,me
courier-journal,com
pscp,tv
yandex,ru
thetrevorproject,org
podomatic,com
quantcast,com
taylorandfrancis,com
presseportal,de
milb,com
nsa,gov
ces,tech
kinsta,com
decrypt,co
cheezburger,com
blackmagicdesign,com
auth0,com
newgrounds,com
bitcointalk,org
univision,com
rnz,nz
kent,edu
dea,gov
perplexity,ai
jd,com
tinypng,com
genome,gov
jalbum,net
interpol,int
wayne,edu
studiopress,com
rp-online,de
ksl,com
abc7news,com
jdsupra,com
aacrjournals,org
philstar,com
000webhostapp,com
home,pl
mq,au
serverfault,com
gsxt,cn
phonearena,com
wpml,org
inaturalist,org
excite,com
ndrc,cn
unr,edu
verywellfamily,com
zalo,me
medpagetoday,com
flightaware,com
beinsports,com
unlv,edu
liverpoolecho,uk
christianpost,com
cjr,org
healthaffairs,org
fortnite,com
vim,org
beatport,com
stripes,com
gale,com
skype,com
hometalk,com
ccn,com
huji,il
gu,se
plurk,com
naver,jp
yourstory,com
odnoklassniki,ru
city-data,com
allegro,pl
bloggersdelight,dk
catb,org
uw,pl
aftonbladet,se
fortunebusinessinsights,com
cbr,com
blogspot,br
abc7chicago,com
gamesindustry,biz
pressherald,com
coolors,co
cloud,microsoft
counterpunch,org
einnews,com
marketscreener,com
mundodeportivo,com
trustedreviews,com
beijing,cn
aircanada,com
rtbf,be
eurosport,com
ice,gov
heraldsun,au
myminifactory,com
audioboom,com
fandango,com
proton,me
askmen,com
wise,com
lapresse,ca
netsuite,com
turkishairlines,com
cbo,gov
ctan,org
folkd,com
chalmers,se
splcenter,org
truthsocial,com
google,ae
scitechdaily,com
mail-archive,com
umweltbundesamt,de
deviantart,net
byrdie,com
clickfunnels,com
ebay,ca
nbcwashington,com
dur,uk
meduza,io
9news,com
inquisitr,com
ringcentral,com
ghostery,com
usda,gov
computerhistory,org
patheos,com
lovetoknow,com
muffingroup,com
wwe,com
biblehub,com
newspapers,com
uservoice,com
newyorkfed,org
rarathemes,com
tripsavvy,com
churchofjesuschrist,org
alistapart,com
gamerant,com
bea,gov
svt,se
ruby-lang,org
westernunion,com
xcritical,com
trip,com
neurology,org
aaos,org
neowin,net
mos,ru
internationalwomensday,com
marksandspencer,com
replit,com
mediapost,com
nc,gov
netdna-cdn,com
hathitrust,org
linux,com
abc7ny,com
mid,ru
audiomack,com
wpbeginner,com
southwest,com
wikipedia,com
opm,gov
capitalone,com
uni-goettingen,de
cloudways,com
salary,com
techpowerup,com
gamblingcommission,uk
datareportal,com
openbsd,org
tldp,org
star-telegram,com
vnexpress,net
compuserve,com
kodak,com
uwm,edu
sonypictures,com
webshots,com
bris,uk
ulaval,ca
cinemablend,com
uv,es
w3techs,com
positivepsychology,com
tripadvisor,fr
deadspin,com
sfsu,edu
optimizely,com
osce,org
birminghammail,uk
overstock,com
heraldscotland,com
thejakartapost,com
econsultancy,com
iadb,org
spin,com
reading,uk
adr,org
equifax,com
veoh,com
ams,org
rhs,uk
ustr,gov
gouvernement,fr
unwto,org
discuz,net
macrotrends,net
abs,au
mysanantonio,com
bts,gov
gta5-mods,com
web,de
psychologicalscience,org
keio,jp
thebalancesmb,com
lasvegassun,com
pokemon,com
fanpop,com
fodors,com
arthritis,org
thisoldhouse,com
gigabyte,com
winamp,com
pinshape,com
mof,cn
ibisworld,com
at,ua
eweek,com
nbcdfw,com
citynews,ca
abcnews,com
skyrock,com
blogfreely,net
du,edu
restaurantguru,com
gandi,net
j,mp
macleans,ca
overdrive,com
rainn,org
tyc,tw
martinfowler,com
wellandgood,com
carbonbrief,org
k-state,edu
texasmonthly,com
transunion,com
ncsc,uk
pbskids,org
crypto,com
youradchoices,com
brandeis,edu
files,fm
dtu,dk
jigsy,com
myfonts,com
forbes,ru
pconline,cn
loreal,com
english-heritage,uk
informa,com
mountsinai,org
coca-colacompany,com
zhaopin,com
gd,cn
blog,uk
kompas,com
highsnobiety,com
adn,com
mysql,com
nwf,org
humblebundle,com
bit,do
9news,au
trezor,io
townhall,com
muni,cz
motorsport,com
radiotimes,com
akamaized,net
cookpad,com
cadenaser,com
eltiempo,com
ofcom,uk
businesstoday,in
rubyonrails,org
189,cn
doodleordie,com
zippyshare,com
boots,com
stonybrook,edu
ebc,br
aif,ru
cbd,int
online,fr
ugr,es
uoguelph,ca
thriveglobal,com
az,gov
tomtom,com
mayoclinic,com
sourceforge,io
linuxmint,com
sil,org
jal,jp
lodz,pl
ecosia,org
nyse,com
autoevolution,com
shef,uk
zimbio,com
ucpress,edu
tailscale,com
theprint,in
f-droid,org
townandcountrymag,com
gov,scot
telegraaf,nl
hypotheses,org
srf,ch
harley-davidson,com
hubspot,com
globalsecurity,org
wsws,org
listennotes,com
lequipe,fr
authorize,net
dupont,com
podchaser,com
chng,it
doi,gov
winehq,org
theblaze,com
ticksy,com
google,rs
amazon,cn
yaml,org
betanews,com
kingston,com
ansi,org
artnews,com
government,ru
gyazo,com
elifesciences,org
nationaltoday,com
jacobin,com
mobiri,se
wilsoncenter,org
jwplayer,com
sitejabber,com
lit,link
goodmorningamerica,com
insee,fr
beget,tech
paulgraham,com
food,com
crazyegg,com
chinatax,cn
the-scientist,com
flagcounter,com
beniculturali,it
qatarairways,com
uclahealth,org
gsk,com
eso,org
nongnu,org
todoist,com
google,pe
bio,link
seattle,gov
unirioja,es
cvs,com
tass,com
angieslist,com
nrc,nl
yandex,ru
buffalonews,com
powells,com
triblive,com
castbox,fm
xsrv,jp
cigna,com
greenhouse,io
earthsky,org
golem,de
darkreading,com
eleconomista,es
simplilearn,com
bible,com
helloasso,com
ga,gov
prlog,org
king5,com
thebalancecareers,com
jenkins,io
samba,org
businessofapps,com
mapbox,com
taleo,net
sd,gov
beckershospitalreview,com
ntnu,no
cheatsheet,com
ramseysolutions,com
imo,org
imore,com
law360,com
royalcaribbean,com
lynda,com
suse,com
advocate,com
universetoday,com
wikipedia,org
ynetnews,com
uni-leipzig,de
theiet,org
leagueoflegends,com
wm,edu
khou,com
wn,com
gamasutra,com
kaiserpermanente,org
authy,com
cochranelibrary,com
ig,br
latribune,fr
astronomy,com
blogspot,ru
google,pk
freehostia,com
merchantcircle,com
albany,edu
ttu,edu
toronto,ca
square-enix,com
xtemos,com
arkansas,gov
mk,ru
ubi,com
opencollective,com
timeweb,ru
defensenews,com
uscg,mil
cyberpanel,net
pandasecurity,com
export,gov
techadvisor,com
piktochart,com
crn,com
pitchbook,com
google,hr
forecast7,com
homeaffairs,au
creativemarket,com
humaneworld,org
staples,com
ntv,jp
autoriteitpersoonsgegevens,nl
lu,ma
snap,com
nmsu,edu
extendthemes,com
microfocus,com
pg,com
metooo,io
eatthis,com
thoughtcatalog,com
rogerebert,com
hostelworld,com
io9,com
ssmh97,com
animenewsnetwork,com
jugem,jp
justwatch,com
eiu,com
iwm,uk
notebookcheck,net
weblate,org
hpage,com
strato,de
dhgate,com
247sports,com
wko,at
oppo,com
skift,com
flexjobs,com
t,cn
iupui,edu
ihk,de
rollcall,com
concordia,ca
topgear,com
unaids,org
oed,com
mouser,com
click4r,com
irfanview,com
montrealgazette,com
ok,gov
autismspeaks,org
cambridge,org
artic,edu
gobankingrates,com
france,tv
alternativeto,net
dailyherald,com
plex,tv
aalto,fi
juntadeandalucia,es
unu,edu
heroku,com
comingsoon,net
manta,com
ana,jp
aeon,co
splunk,com
qut,au
bhf,uk
scu,edu
progress,com
happy-gambler,com
ntu,sg
wfaa,com
postimage,org
aph,au
wildberries,ru
ms,gov
google,sk
atom,com
crowdstrike,com
up,pt
fastly,com
pocket-lint,com
dailysabah,com
furaffinity,net
niu,edu
stylecaster,com
comparitech,com
wiwo,de
bsigroup,com
royal,uk
ad,nl
chewy,com
deepseek,com
maff,jp
band,us
wp,pl
polimi,it
yougov,uk
uts,au
hamburg,de
darpa,mil
mg,za
callofduty,com
bookstime,com
thejournal,ie
monash,au
stjude,org
bpb,de
ecowatch,com
depaul,edu
annualcreditreport,com
librarything,com
ebaumsworld,com
bluestacks,com
edelman,com
adaa,org
google,eg
visme,co
bravotv,com
royalsociety,org
emeraldinsight,com
upf,edu
bplaced,net
designrush,com
walkscore,com
subway,com
jma,jp
avito,ru
adsoftheworld,com
bookdepository,com
undocs,org
eatright,org
kuula,co
nysenate,gov
shinyapps,io
ufrj,br
ripe,net
zenfolio,com
aaas,org
dlr,de
hollywoodlife,com
globalcloudteam,com
jewishvirtuallibrary,org
snapwidget,com
klm,com
uct,za
thepinknews,com
znaki,fm
manutd,com
iht,com
infineon,com
radio,com
glamourmagazine,uk
whyy,org
embedgooglemap,net
mediamatters,org
detik,com
chegg,com
netfirms,com
sjtu,cn
wallethub,com
grubhub,com
gsma,com
healthgrades,com
liverpoolfc,com
one,com
typescriptlang,org
pixieset,com
eklablog,com
publitas,com
c2,com
su,se
citizensadvice,uk
dreamhosters,com
sae,org
pcisecuritystandards,org
aamc,org
nbcphiladelphia,com
tokopedia,com
sucuri,net
ahram,eg
nick,com
snu,kr
kent,uk
justjared,com
healio,com
zju,cn
ukri,org
ru,nl
womenshealth,gov
netvibes,com
icao,int
bedbathandbeyond,com
government,nl
gamedeveloper,com
waterstones,com
medtronic,com
futura-sciences,com
unilever,com
gosuslugi,ru
anthropic,com
qub,uk
rockpapershotgun,com
petitiononline,com
fcbarcelona,com
smashwords,com
ecwid,com
deveducation,com
washingtonian,com
chevrolet,com
climate,gov
720yun,com
uaf,edu
businessinsider,au
glaad,org
london,uk
businessoffashion,com
volkskrant,nl
urbanoutfitters,com
99designs,com
habitat,org
royal,uk
downdetector,com
hola,com
magcloud,com
vanguardngr,com
greatist,com
openclipart,org
nau,edu
retailmenot,com
petmd,com
dignitymemorial,com
wroc,pl
artofmanliness,com
cbr,ru
babbel,com
screencast,com
simplemachines,org
teacherspayteachers,com
royalmail,com
nu,nl
mskcc,org
prospect,org
guggenheim,org
smartasset,com
thisismoney,uk
novartis,com
sony,net
kiva,org
fgov,be
avira,com
regjeringen,no
stats,cn
salute,it
goodrx,com
geogebra,org
hal,science
ni,com
research,google
pandora,net
asiaone,com
sennheiser,com
opensource,com
fincen,gov
rackspace,com
roberthalf,com
kuaishou,com
kohls,com
montana,edu
preply,com
rootsweb,com
jmir,org
bmwgroup,com
uea,uk
credit-suisse,com
prntscr,com
translatewiki,net
abdn,uk
unipi,it
shopee,id
jacksonville,com
iii,org
iihs,org
nintendolife,com
bom,au
feedingamerica,org
tribuneindia,com
fitchratings,com
postimages,org
mrbetlogin,com
agpd,es
iherb,com
pin-up-bet1,br
dermandar,com
republicworld,com
nestle,com
osticket,com
fpdf,org
universityofcalifornia,edu
smore,com
theringer,com
irena,org
airbnb,uk
movieweb,com
samsclub,com
radaronline,com
explodingtopics,com
mindmeister,com
art,pl
lush,com
dw,de
googlesource,com
madison,com
mprnews,org
confex,com
louisiana,gov
talksport,com
mostbeter,com
osti,gov
nintendo,jp
fr,de
usyd,au
yarnpkg,com
1win-sportsbook,com
json,org
thecrimson,com
medicaldaily,com
16personalities,com
ru,com
tv-tokyo,jp
statefarm,com
hubblesite,org
theworld,org
pp,one
monsterinsights,com
radikal,ru
educause,edu
luc,edu
doctissimo,fr
thehotline,org
assemblee-nationale,fr
facebook,com
la-croix,com
kew,org
healthdirect,au
abs-cbn,com
mises,org
technet,com
ui,com
optimole,com
prnt,sc
neimanmarcus,com
winscp,net
ncaa,org
myqcloud,com
dangdang,com
utdallas,edu
synology,me
merck,com
usbank,com
hsbc,com
cardiff,uk
auth,gr
discover,com
taipeitimes,com
atom,io
ic,uk
mindspring,com
bab,la
komonews,com
vg247,com
nairaland,com
springernature,com
creativethemes,com
google,sa
victoriassecret,com
efe,com
easeus,com
dickssportinggoods,com
mubi,com
oxfordlearnersdictionaries,com
scene7,com
sinica,tw
hessen,de
allstate,com
htc,com
pinterest,com
newadvent,org
hotmart,com
creativelive,com
smartrecruiters,com
8tracks,com
ui,id
kxan,com
banggood,com
unipd,it
moodys,com
desktopnexus,com
asha,org
metamask,io
eib,org
kantei,jp
netlify,com
uidaho,edu
cao,jp
newschool,edu
lmu,de
pikabu,ru
savefrom,net
simon,com
comcast,com
umu,se
dedecms,com
wellfound,com
movember,com
oilprice,com
chathamhouse,org
citylab,com
a16z,com
fazenda,br
db,tt
nespresso,com
indymedia,org
jamieoliver,com
allocine,fr
aparat,com
lendingtree,com
simplesite,com
freshbooks,com
ladepeche,fr
de,vu
thefederalist,com
therealdeal,com
ansible,com
levi,com
upv,es
alliedmarketresearch,com
nbcmiami,com
draxe,com
gotquestions,org
rijksmuseum,nl
govtech,com
rdcu,be
ipsnews,net
pravda,ua
purevolume,com
embedly,com
randomhouse,com
bestlifeonline,com
nttexpress,com
swarthmore,edu
mobile,de
biz,ua
michaels,com
hermes,com
vesti,ru
ottawacitizen,com
care,com
sciencefocus,com
postandcourier,com
abc13,com
xml-sitemaps,com
sverigesradio,se
harpers,org
hulkshare,com
actionnetwork,org
zebra,com
lightwidget,com
veeam,com
pcgamesn,com
richmond,com
embedly,com
juniper,net
ulta,com
bham,uk
citystamp,ca
larazon,es
bookofra-play,com
teespring,com
dovepress,com
freeservers,com
umt,edu
ametsoc,org
ubuntuforums,org
dr,dk
farnell,com
newsbtc,com
google,by
umkc,edu
gatesnotes,com
thepointsguy,com
cultofmac,com
lithub,com
20min,ch
mediapart,fr
runsignup,com
jcp,org
centos-webpanel,com
uni-mainz,de
sgs,com
oprahdaily,com
distractify,com
atw,hu
tinkercad,com
tucson,com
denver7,com
icij,org
allthatsinteresting,com
ulule,com
hackaday,io
11alive,com
cirquedusoleil,com
247wallst,com
deakin,au
oschina,net
shaw,ca
comptia,org
hse,ru
exxonmobil,com
tf1,fr
ustc,cn
topsy,com
freeserve,uk
backblaze,com
no-ip,org
uow,au
vestacp,com
pri,org
pgatour,com
opensocietyfoundations,org
klook,com
myswitzerland,com
blog,jp
libera,chat
talkingpointsmemo,com
jneurosci,org
nationalgallery,uk
excite,jp
indiamart,com
nhc,cn
citi,com
paramount,com
openwrt,org
dexerto,com
cybernews,com
sudouest,fr
nebraska,gov
wordpressfoundation,org
hyperallergic,com
1tv,ru
brit,co
qt,io
ctv,ca
hatena,jp
singaporeair,com
trust,org
wdc,com
upc,edu
pydata,org
uni-bremen,de
lehigh,edu
siriusxm,com
kffhealthnews,org
wgntv,com
moddb,com
morningconsult,com
mozdev,org
ixbt,com
telegraphindia,com
eslgaming,com
livenation,com
playbill,com
cnnbrasil,br
open,edu
questionpro,com
uibk,at
rss,com
jsbin,com
undressaitool,ai
peraichi,com
viki,com
yfrog,com
edf,org
rada,ua
buzzsumo,com
milenio,com
itpro,com
mastercard,us
food52,com
pennmedicine,org
speedrun,com
thepiratebay,org
vanguard,com
conta,cc
fau,edu
sched,com
cplusplus,com
in,br
convio,net
treas,gov
ellenmacarthurfoundation,org
avvo,com
elcomercio,pe
labiennale,org
care2,com
miaminewtimes,com
toronto,edu
12371,cn
ucd,ie
pytorch,org
court,cn
heraldtribune,com
japantoday,com
iit,edu
kraken,com
openvpn,net
uniroma1,it
expansion,com
crossref,org
insurancejournal,com
yourtango,com
us,es
toshiba,com
chicago,gov
osd,mil
guardian,ng
usccb,org
rtl,fr
sizzling-hot-deluxe-777,com
expressen,se
jquery,org
ademe,fr
eetimes,com
fileforum,com
rsna,org
bbci,uk
opendns,com
recreation,gov
casino,org
lboro,uk
nikkei,jp
zenbusiness,com
mostbet1bd,com
niedersachsen,de
cbpp,org
mohurd,cn
oklahoman,com
igi-global,com
tupalo,com
google,si
thebulletin,org
digicert,com
knoxnews,com
aol,ca
cert,org
storeboard,com
globalcitizen,org
creative,com
umaine,edu
jta,org
dni,gov
instacart,com
realmadrid,com
777spinslots,com
dismall,com
riseup,net
icbc,cn
aliexpress,com
retaildive,com
tu-darmstadt,de
infowars,com
ffm,to
catholicnewsagency,com
eastday,com
elsevierhealth,com
sante,fr
mta,info
cults3d,com
binghamton,edu
theartnewspaper,com
unicamp,br
cyberciti,biz
worldscientific,com
ecosoberhouse,com
jaxa,jp
esy,es
wfu,edu
aicpa,org
barcelona,cat
db,com
gitlab,com
ionos,com
sachsen,de
linternaute,com
kissmetrics,com
johnlewis,com
soup,io
opb,org
nextjs,org
officedepot,com
massgeneral,org
azlyrics,com
winnipegfreepress,com
amzn,eu
sparknotes,com
thumbtack,com
senat,fr
jasper,ai
mixpanel,com
linuxjournal,com
dow,com
actu,fr
rian,ru
php-fig,org
gmanetwork,com
fanfiction,net
gamma,app
jpmorganchase,com
sherwin-williams,com
fes,de
articulate,com
6abc,com
google,lt
al-monitor,com
scienceblogs,com
gazzetta,it
autocar,uk
inmotionhosting,com
biggerpockets,com
garant,ru
rotary,org
interaction-design,org
epo,org
wakwak,com
mapleprimes,com
lichess,org
wnd,com
google,bd
free-daily-spins,com
fec,gov
feedspot,com
bmwk,de
thewaltdisneycompany,com
ulisboa,pt
scotusblog,com
freesound,org
cepr,org
uni-hannover,de
newswise,com
kongregate,com
oaic,au
most,cn
f6s,com
material,io
bsc,news
thewire,in
thetrainline,com
xoom,com
sky,it
muenchen,de
giz,de
bundesgesundheitsministerium,de
empireonline,com
kubiobuilder,com
umb,edu
uhc,com
mdanderson,org
jamesclear,com
hs-sites,com
starwoodhotels,com
indiebound,org
merkur,de
nascar,com
quantamagazine,org
xuexi,cn
europe1,fr
keepass,info
continental,com
williams-sonoma,com
savethechildren,org
unito,it
hurriyetdailynews,com
martindale,com
salesforce-sites,com
uab,cat
tv-asahi,jp
tineye,com
payhip,com
funnyordie,com
avid,com
mydrivers,com
thenews,pk
theodysseyonline,com
nea,org
8m,com
gdpr,eu
revolut,com
berliner-zeitung,de
kdvr,com
bethesda,net
hashnode,com
mango,com
diepresse,com
healthdata,org
ya,ru
musescore,com
activestate,com
uni-kiel,de
corel,com
ufc,com
strath,uk
bangordailynews,com
chaturbate,com
thefreelibrary,com
viadeo,com
networksolutions,com
niemanlab,org
city,uk
nst,my
atptour,com
gazzettaufficiale,it
legiscan,com
mcall,com
weezevent,com
wgbh,org
ruhr-uni-bochum,de
hh,ru
maersk,com
clickcease,com
mediaset,it
usajobs,gov
nysed,gov
cathaypacific,com
lrb,uk
werite,net
mypixieset,com
rover,de
liverpool,uk
mercer,com
amny,com
50megs,com
ioncube,com
governo,it
bmw,com
mrbetgames,com
fastcodesign,com
cervantes,es
gate,io
ifc,org
rxlist,com
delltechnologies,com
bostonspo,com
nbcsandiego,com
freerepublic,com
fiocruz,br
lesoir,be
silive,com
academic,ru
score,org
mbed,com
mnn,com
wwnorton,com
nyti,ms
griffith,au
tribunnews,com
blick,ch
td,com
google,lv
tubitv,com
uni-trier,de
annals,org
page,tl
essex,uk
cleverreach,com
simplyrecipes,com
link,space
virgin,com
reurl,cc
belkin,com
turnitin,com
bravejournal,net
spacenews,com
sears,com
iisd,org
wenthemes,com
dw-world,de
palletsprojects,com
petfinder,com
tallahassee,com
tripadvisor,it
bostonmagazine,com
google,cr
carscoops,com
stereogum,com
tomsk,ru
samr,cn
7news,au
ebay,fr
elte,hu
pewforum,org
filmaffinity,com
de,tl
ndl,jp
customs,cn
google,ve
chop,edu
tucows,com
ixigua,com
activision,com
kijiji,ca
devowl,io
golfdigest,com
migrationpolicy,org
bcorporation,net
mjt,lu
astrazeneca,com
ilga,gov
yourdomain,com
homeip,net
hashicorp,com
caringbridge,org
joelonsoftware,com
bget,ru
uta,edu
cpj,org
providencejournal,com
lululemon,com
aon,com
osaka-u,jp
xvideos,com
mindful,org
solarwinds,com
marketingland,com
mohrss,cn
ggpht,com
kurier,at
tmweb,ru
merckmanuals,com
tiffany,com
uni-lj,si
baden-wuerttemberg,de
bet,com
guim,uk
society6,com
co,com
cdn-website,com
betfair,com
japan-guide,com
wjpartners,au
tvline,com
wisegeek,com
dlink,com
asahi-net,jp
nationwide,com
google,uy
printfriendly,com
rr,com
niche,com
metapress,com
washu,edu
wsbtv,com
beliefnet,com
foxitsoftware,com
dzwww,com
go2cloud,org
ebay,com
ucc,ie
dict,cc
nicepage,com
burberry,com
bose,com
canberratimes,au
nttdocomo,jp
leadconnectorhq,com
ray-ban,com
dataliberation,org
home,cern
curseforge,com
unibas,ch
www,jp
ato,au
pantip,com
rmg,uk
wjla,com
random,org
36kr,com
thisamericanlife,org
dailywire,com
ny1,com
click2houston,com
mostbetindia1,in
mxtoolbox,com
tcpdf,org
skyscanner,net
greenbiz,com
bio,site
webwiki,com
thesprucecrafts,com
pbc,cn
ens,fr
princetonreview,com
hertz,com
espn,uk
saatchiart,com
fourmilab,ch
publicationethics,org
kbs,kr
adblockplus,org
dilbert,com
dion,jp
58,com
businessinsider,de
cash,app
icc-cpi,int
freshmeat,net
flsenate,gov
softwareadvice,com
snazzymaps,com
umeng,com
toggl,com
workers,dev
sandiegozoo,org
dukeupress,edu
thepioneerwoman,com
optinmonster,com
dailyhive,com
geocities,ws
webofscience,com
consumerist,com
awin,com
invisionapp,com
golf,com
businesstimes,sg
google,gt
elephantjournal,com
metafilter,com
wionews,com
chicagobusiness,com
pca,st
konami,com
wfla,com
westword,com
deere,com
draftkings,com
autotrader,com
tripadvisor,es
newrelic,com
allaboutbirds,org
hypermart,net
uwyo,edu
sncf,com
timesofmalta,com
jamendo,com
calpoly,edu
fox2now,com
hikvision,com
invideo,io
wpcomstaging,com
stores,jp
nabble,com
globalsign,com
au,com
creditkarma,com
securelist,com
semver,org
agu,org
marquette,edu
home-assistant,io
fujitv,jp
shein,com
google,ec
thecanadianencyclopedia,ca
kitco,com
bepress,com
latercera,com
kentucky,com
ptc,com
solidworks,com
omaha,com
uc,pt
answerthepublic,com
daad,de
canadiantire,ca
wikivoyage,org
indy100,com
xdebug,org
notes,io
google,is
laist,com
essentiallysports,com
psmag,com
bgsu,edu
gizmag,com
wallhaven,cc
universiteitleiden,nl
mykajabi,com
google,pr
thedailymeal,com
fontsquirrel,com
wmich,edu
fashionista,com
rlp,de
swarovski,com
gitter,im
hktdc,com
wusa9,com
app,google
rbth,com
virgilio,it
openlearning,com
renren,com
sacred-texts,com
stylecraze,com
publicradio,org
icj-cij,org
saksfifthavenue,com
sixflags,com
wechat,com
elledecor,com
carbonmade,com
tigris,org
corporate-ir,net
ntlworld,com
